tempo_espera,avaliacoes,acertos_teste,seguidores
1.8770723599074364,7.713241201119905,3,123.78360400360526
12.040485723670084,5.897586769547878,7,202.89430805635766
5.266982774181797,7.956237421207156,6,274.2599951894139
3.651770215103813,8.232702894340587,7,110.3967383787638
0.6784994818493851,8.171748537517248,6,103.05987160999608
0.6783851676584207,8.796936870665546,7,249.01883471590364
0.2393550744347227,8.500706585458685,7,123.9226650719739
8.044923457919758,8.051016095074123,6,140.39487952522487
3.676328614509058,7.415801146249623,10,447.0164772465983
4.925000246818361,5.50684687978081,9,103.04024110101719
0.08319723199655449,8.015541862959102,7,157.51649150683104
14.014229900633248,7.749225224595733,9,103.40426705051652
7.1457181734187,7.825894604634448,8,122.71270892231412
0.954750500995788,5.967901709015629,7,203.01876028204248
0.8027159549986534,6.2027321515100855,5,128.02510187177725
0.8104456913290282,8.763783423999485,6,1284.5322858489737
1.4510149178419085,7.452533815372014,6,142.76353841250815
2.975711323443418,8.31780083684715,7,118.34371454486102
2.2621482671213466,7.533982051356554,4,111.41466069808645
1.376891970215766,7.535707367394894,6,120.64054586449461
3.7854834955991947,8.625940567171197,8,122.46276002136776
0.6009381149093547,6.8807463261391515,6,103.14355032837157
1.382062048009609,7.61534493232918,8,122.21250936414609
1.8251088728833882,6.945269653553949,7,131.17119781779334
2.4357387514391,6.978604527081221,6,174.6712456986965
6.151744044123648,7.1289934518376326,4,159.18317879953318
0.8909434485147611,7.766560525960456,6,170.97712286224774
2.888116620132511,6.925501654003828,5,100.36583510171859
3.5900188852390422,9.006907350688225,2,111.26320170806525
0.19025539902563418,6.426471237336595,8,160.192631637078
3.7413320825984404,7.275754027006369,7,133.33096481935192
0.7478450079096657,6.9723227300709905,6,100.23190511034971
0.26905572351721696,9.23637346122448,6,203.32551714829071
11.894751174027723,7.73586573181389,6,190.47168463182086
13.48252136984469,8.738213447362362,4,141.29116243115877
6.609326291251507,5.717327552355634,5,103.03537469780453
1.4531514398750331,7.820460319043111,6,188.22185384454846
0.41110926001002496,8.567556954748124,7,146.3799642302211
4.611003052394647,7.598740787130509,5,193.90675935598688
2.3203633703415933,8.778576450078422,3,183.26913906499337
0.5206089358177945,6.879253859879554,5,202.65428948980554
2.7341889125366006,9.191216928222696,10,137.34371663673028
0.13997488577391634,10.2586777483431,5,106.79482285372093
9.601691549572095,7.064593727472409,8,162.18296194005785
1.1978311073627443,6.965396974319074,7,152.38364472836673
4.345023194259921,9.24406137254124,8,180.3029828075071
1.4941863266304947,9.395486574876855,6,108.43172556039231
2.9364435836369145,6.872567967416078,5,109.88856339726438
3.16489519192719,6.9957758194849715,8,261.51106508275774
0.817554398031623,7.161858469367392,6,182.70416408712777
13.971228530944906,5.8866593867588675,6,282.48576793103587
5.968981508552563,6.397617664218962,7,185.55186673356744
11.22037767716633,6.295031079897519,8,148.48387182545622
9.008607990136786,6.578642921875046,6,158.66244739915822
3.6442176495331,7.458378135135862,5,260.192458381078
10.19774151707762,7.781057679043825,8,145.6360721655965
0.3706218358124625,9.360600591376892,8,154.5121787159059
0.8725387785250698,6.301975151113451,7,107.67917178299848
0.18512786274732781,8.6811868781719,4,132.21546833527924
1.5741283472123473,7.243213386929389,5,172.96247520277294
1.9685211671768743,7.44064354841708,5,114.72784651502393
1.2662417728353028,8.309783390599925,7,110.32338855428503
7.058231460963736,6.152733574125242,6,117.79199094516055
1.7649079981194806,7.958891695420861,9,112.7699480054572
1.3192113605369968,7.699742649855668,5,111.09329084848265
3.129628332830984,8.090941516809778,4,127.18715891256696
0.6075925912825154,7.847002372689381,6,281.96544134826695
6.481934383098925,10.446360167893072,4,136.00900528022262
0.30990347524523604,6.734712018898421,5,109.47247872628753
17.33658535834928,6.862803653997819,8,103.54375236981134
5.917935104966046,6.752231368290283,4,167.8551164923756
0.8861577620235438,6.833427457007694,8,123.34421585398823
0.0221496815037419,6.735135447232179,6,211.70206723024924
6.759587109944504,8.926819837329063,8,159.7472212866029
4.908383629548179,9.204605097587827,9,199.70292102552344
5.222651635151996,6.815104447500628,6,114.79656237497392
5.900858104174054,6.501173312274926,7,166.95115364872314
0.3077170620551854,8.065698667663685,6,114.26023534229776
1.77557068966493,6.837332346862834,6,337.54335149011376
0.4926004184177986,8.259518181306612,9,155.245758103147
7.954118286632891,7.74350762502156,8,118.59850973395383
3.9052047668494962,5.6811070620033215,6,114.63008716852508
1.607275205005204,9.357006241596075,7,109.64914444149446
0.26267226321913156,9.655053207714626,5,167.49247946401118
1.4899534016414149,6.764653571418736,5,111.32808004390277
1.5732568527365254,7.034758128076819,4,148.18804688393814
5.231503135830963,7.843038468869886,5,114.29893929793744
4.05955743570408,7.90134814798443,6,160.25126917405223
8.729007649606059,8.290253127207396,5,208.23775857860753
2.556264533505239,9.91224544651962,7,192.40476833955626
0.5094895744620076,7.287663327007141,7,186.27062065233667
4.996505377266398,6.542043306553856,5,109.46087725204225
5.721571012307456,5.844816926382567,6,104.105402153921
3.295549979543315,6.622883952069698,5,168.53034935627835
5.895559866885458,7.460247632551443,5,122.10923620163373
2.7232589260411117,9.653469436221345,4,127.91462579351551
2.958715355109068,6.878866441156594,4,101.38535799666224
2.2312567756337094,7.768545541966678,6,113.95876360524464
0.10299109596045491,7.480292524712698,7,101.5005607445634
0.45666974076746336,8.9260719281377,6,250.6565716036011
0.1277347251722153,10.532318911048346,7,112.8927317864333
4.046918203710198,6.862957472495616,6,142.52179377615997
1.5095868351803994,6.912672668978134,5,101.74369538978168
2.8417487085367603,8.752993052482886,5,161.26734157042085
9.525062119383902,8.318269787551573,7,118.48536965062613
1.1469552919331933,9.71604879088324,8,269.7080199534434
2.1131278995306904,8.200713822391156,6,259.16886774360574
5.6349965901543335,7.068849491055529,8,118.65801139912007
1.0392206276695761,8.208785796830771,4,273.2786986203694
0.32041711420070546,8.83044429669949,7,1122.474299340589
1.3685612155482283,8.484578617436837,8,213.58115159907567
0.7032334340002514,8.108728837328757,9,224.83971962633024
10.619800343522499,8.780009627506985,5,113.25875651625144
6.603548321938278,8.903154708534807,5,145.32084345055551
4.013976762082124,9.158590789245032,7,103.07343211865414
8.206078922083252,8.278451865107572,8,104.43145347095533
6.511875762962226,7.299458303619775,6,1927.9112761268
0.8259819054345563,7.676056423719987,7,118.76128015824128
8.923253620942244,8.947810759810029,5,182.13713048454917
3.100399607864688,6.5196771948153165,6,204.31480707335612
6.589393165214265,7.942407970647482,7,233.66907107581895
9.056970597144925,7.027993425207168,7,1384.4528229492996
1.5309228656732738,7.534493787521781,2,112.76968021452214
0.46636864049540333,9.034142235128758,6,101.80689139666035
1.0347469845575255,7.729318881623884,5,125.89581085384376
2.2282307709944575,7.555723857787378,8,106.24621966435812
6.81531890655578,5.8681726308240965,6,100.99101633188432
7.885379887519333,8.395504279232664,9,121.44944886997547
0.027905636726602588,8.274581017369291,6,194.5983959696852
2.859504637354223,10.095905667966552,3,143.77778614247003
2.1610932836746852,7.130666118056399,6,117.7137959707746
1.004669353103298,7.7629803931967265,9,158.70420439114287
0.5107215661825872,7.799260420452907,9,112.16243207483775
1.6476343194497298,9.392943935716168,6,100.63180759663621
11.452484490764599,7.385645361135658,8,187.46919380791283
1.5615352115258976,7.834825830924407,9,152.95791698923935
2.9258112230406077,8.229475811659848,5,186.7642486309196
4.8563479075234195,7.72393094778763,6,101.74179420039525
1.8078979958678494,6.964279662539366,7,220.1231705571359
14.271192553166799,7.732907991477969,4,152.21852083622713
13.128039458165592,8.788358099831726,8,143.37826588985516
1.1602451799688211,6.268181640706728,3,153.112115941278
2.750637113855389,7.659563608976251,7,238.41012638629255
1.431721840316187,6.659855022072993,4,146.87545040872664
1.3409987055243269,8.93405595470981,6,145.959515296168
0.15033791106209013,5.67217571425947,5,763.5642203022156
3.7619682839303725,6.829293783274094,3,184.89201229865427
2.794078531318554,7.952654250077425,7,128.9016545953071
0.21140434952156992,9.378628835081209,3,170.62894547192897
1.3065036840414774,7.421099686712415,6,123.90727308743683
9.555443804357362,6.833760567968162,6,111.96345573709448
1.0954422085683082,9.757388483328707,7,148.4352718062341
0.626123443941879,5.762383319500508,6,314.26073697284784
2.689088437894545,4.861432852055902,8,316.0998638610582
16.97614793046104,8.028017340063998,6,119.95132238749852
1.1085792542389048,6.8975349307768665,6,138.5591985946036
4.460620041189173,6.274520619443145,5,110.89229555959731
5.7355505049578515,8.350027736759223,5,1061.5136487429716
1.0853326893432231,7.792560856525439,6,561.7504505350167
5.210995713969265,6.823105643115926,7,157.74897287180892
1.834091197057216,5.963634721594927,7,203.28909050938663
4.002014990927085,8.546948793936174,7,172.61969556890645
4.015351308550553,8.280241413550392,8,147.84783851148268
3.069540999809395,7.38098896346474,7,102.4122760547568
0.3785166352464838,9.715964395257199,7,130.17529989810177
7.214579176985188,6.2158982804086165,3,162.96731446780996
1.5472411746695864,5.669369794890313,6,163.5690915737323
0.8257284264302261,6.669710316142507,7,122.51280351442932
0.1665190391773808,7.445296780373402,6,344.0645226170024
3.575113618378334,7.79200733918723,8,108.28869559468195
4.5274069370693955,7.2105167305724045,6,135.21298470188003
0.06690779023388248,7.922466475817156,6,166.60433466451744
2.8705223381979534,5.998152690971467,6,168.09096764708255
1.0272965882198306,9.23251752488791,6,157.57903310403066
4.144497366190768,7.401418585928917,2,115.02644161428415
0.766416890156535,8.840754997905753,4,107.66418157398437
4.696850110270876,7.911270415653245,6,155.1652740016386
1.9558348039244071,8.04810386298454,6,148.82923163648803
11.041375271217229,8.183720736278644,6,108.97427866999452
0.5917776537571158,8.037250272020778,7,170.05963879948808
1.668529735980687,8.271267311841052,6,130.21763845908598
0.48177714014798567,9.094983036158919,9,161.45991505521616
10.344761588602895,7.735825403641764,6,220.26872775522642
8.393334828643976,8.350804509106215,6,108.42306150257579
1.1933094802459556,7.392317166855328,7,100.84399845357382
4.315050956175658,9.228140658539367,3,192.81219924745676
6.797936290556885,6.688329237528876,4,150.5398774341233
3.2405294427460323,9.661128519492978,5,168.69874888738565
3.0171176407757843,7.451810459226788,6,220.7343114048173
1.1075081817516126,5.783069877458342,4,202.56885972373254
0.3909045618997629,7.653725297892947,8,409.4438777239159
9.100492900778091,6.682738011030143,5,139.6258290139597
9.227097710593707,8.508772258786468,8,133.84040458959208
4.010679677931539,6.716851224837131,5,125.04053623718188
1.6561860392452956,6.9645798801422645,7,107.52492731745866
1.7182704632465757,5.232551122865363,4,144.71379306044403
5.177861718908472,6.957232416901108,4,115.14563775263748
9.096389396429009,4.5913448080452515,8,302.015345891119
8.724530277586453,5.599316611817132,6,146.300111024191
6.054248767723613,8.412497587373156,3,147.79761606452976
4.10924277427082,8.442960190381,6,120.99796601055628
0.3515669047843362,8.010549074141958,4,102.34843604276129
0.705176858733646,6.339628628244944,6,101.41242621381272
9.152922000710022,7.442746372629625,7,127.04170421650495
3.729975787862358,7.495676953091318,7,103.9163222552208
0.03695842244397764,6.1099623729689485,7,150.06435520337612
0.4279876057437973,9.30407796212058,5,252.28607210984947
4.356649549160964,8.552834748690806,6,254.09677683644375
0.02029774820718801,7.2348429914044035,6,159.65238725820373
0.7012632644167962,7.532263006793437,6,110.86759308075801
3.1827913845557267,7.7500593695370625,6,237.32009670572327
4.709261146619251,5.049918157890851,4,257.15572291736623
4.221765928540995,7.203387140975284,3,109.98832356772299
1.015799469232098,6.681618902402642,6,178.85427030629225
4.9816691555941555,6.298055988126102,5,115.8102295708044
1.0832950362112237,7.162679648536854,5,202.4926994020488
1.5745396356723378,9.657223832219426,6,1295.7004304062625
5.489430206663163,8.269011433520411,3,101.33430243432102
4.195095257211072,6.814585212260644,7,269.0748583970734
7.567824309853604,8.18709933762739,8,152.76168958863207
4.28725315267905,9.179226523903203,4,483.8499841047492
3.3601772223490296,8.609560419495322,6,131.2533541309587
0.39342824579364194,7.571556443904209,4,226.44428054543718
1.8336652288280801,6.723675866753311,4,102.84071014768952
1.2326405914353247,8.337867976336307,8,119.42996880690657
1.118800814649685,7.972182462506099,4,103.06193318821451
14.449237624651703,8.574231864033278,6,500.2158417914581
1.997549988160095,8.262206162018364,6,209.24087046821205
8.904220844994091,8.759463258383203,6,229.85581242631267
3.9893375429459326,6.857717746127318,4,334.9201152841794
6.335301010753599,9.080872878761191,9,103.94289162504829
2.7937412975550817,7.737119525630879,6,123.58819692155782
3.44062361056634,9.990313047150318,5,103.25552585868654
2.713173733366774,6.6729746182925185,5,110.84079205533217
0.868859581300954,9.5831565637983,5,111.99442257638836
5.127047212263215,7.737492940155177,8,131.69286605113945
1.3183094734650518,6.718298395662662,7,114.56535250689532
0.09846592432275446,6.919336999134814,7,104.73694051664273
4.147875145181096,7.115583230166816,5,108.29627675476297
0.7797342808992908,8.0089991356823,7,107.1724527588156
11.284332589093212,8.1274025856426,7,481.4526748375815
12.310249651152093,6.811559995273705,3,185.74518346795946
9.854039538535366,7.47077448928682,9,445.1767561986963
1.8491495859894669,10.070724430334236,2,128.64590979746384
0.06230926148777753,9.573051804120853,5,115.23965764036804
10.542093829327559,8.023588403608839,5,200.58359694382227
2.2357531082122453,7.5456041738018405,7,118.73174390687299
13.603368064488224,7.644037592061913,9,116.72998176658376
13.254941904520821,8.2362215672765,5,112.19342189010801
7.669548068717676,6.272648921761913,4,106.2248963067858
1.3951042726886411,7.191148155091986,5,113.75104979456381
1.9451677283947744,5.497699111346893,8,121.03020074250288
7.618906609912319,7.979067747126335,5,162.79503934116607
1.5245849257228683,8.276635127643289,5,102.84885521023853
0.7428744651830191,6.920176245240751,5,110.82332258457006
3.254947968240911,9.38878411594804,5,205.40809767880256
11.005173883228167,6.02908120439719,4,107.15313401943926
4.763302391031749,5.742750143748216,6,120.01000287817713
3.376449345742622,7.769342182271966,8,238.58288755594552
0.40891278939729153,8.756517963134586,6,107.5931795153618
3.818122862070871,9.520713229749443,8,103.82620418391242
18.44227899138527,6.949338884557272,6,133.39264605225014
0.6036823465690566,8.794417000117555,6,116.9506035515733
2.921981299926015,7.453789836599151,8,143.38012403478842
8.394434551603178,7.2928472400710165,7,203.01441652596347
5.40013699341468,8.560391924984007,8,106.6237333739199
4.776297701206692,8.282787454096104,5,145.92147562404
4.84915022489796,5.608329411618901,3,135.82337594985097
1.7819693692597964,9.271848419671075,8,106.99823476213052
1.3902483370683807,9.156109624976942,3,153.0030810733062
6.629498029038849,6.749324758188565,6,114.91291434560189
6.645312796348115,7.974964240124891,7,133.76523965593614
8.07180018947166,8.092836223539287,8,103.80335220741492
9.778463847346545,7.812808518988689,6,130.6788039876251
2.864372947731615,6.839633815385496,5,117.2466076434389
2.784737510204797,6.694051958474338,5,211.98697227871617
6.40379972923395,7.469335114810265,8,102.58352377306299
4.198876299551201,8.907274823111237,8,126.59149381900538
4.842202594046068,8.152320185513318,6,130.55780649495355
6.354477899816819,7.0552628014966725,7,175.2962260246769
8.829293905387068,8.426038452778014,7,144.9618662182101
1.6499296285506169,4.08174885524391,7,161.3442095221747
1.8837471549102254,8.878518840446525,5,192.0381212892455
0.3947841567494422,5.4123434654662805,4,236.72468394459267
3.4536561064377387,7.065070870316242,6,117.79562509362447
0.146416416843428,6.1563961264486275,4,139.89980747618273
2.5064277927284384,5.9463822291349135,7,221.90259539169134
3.129178342748504,8.892992144854222,6,723.5619081691086
1.35052264125809,6.9387585584257305,7,260.59282032616943
3.574530120584701,7.915804658076859,5,122.37241206304319
0.12390024840589818,7.4436953053449795,3,109.89991987715224
0.15225399713115753,8.072448992667745,6,133.9425698210313
6.917405478152544,7.5921862692723066,7,180.11724226956864
1.7863400968309788,5.960409330973716,5,134.30648550304275
0.543556165189712,8.695520183336567,8,133.24023723295946
2.9546143531160625,6.907492100206425,4,220.77906466511172
5.878591761782941,5.632101721608299,6,121.53019596458157
0.9724720137196134,6.986261806840905,6,234.94810828365996
3.9008784746259715,9.300911748761173,6,125.49017565082276
0.35684411595958915,8.520266090536191,6,118.88370981836445
0.21226038364123762,7.081617438710569,8,130.09499219848064
3.0316357625020838,7.080890754817886,5,186.81357736038294
3.1116417707789688,7.114037938539141,7,106.03036343254051
4.0581497928184636,9.99209758027301,5,109.97437513792268
5.179842251666737,7.958322542677864,5,372.5649102534004
14.894228034799971,8.016049976629283,5,108.7519182295784
2.905164476921425,8.736340144838211,6,144.00122213451326
1.5600788564239152,7.786546990831816,6,145.7124650736779
6.342615918930745,7.189149425015156,8,133.9690299571872
1.2634058617445492,7.264380181098026,5,156.82577300152113
2.3119337250932053,7.414078488703123,7,112.02356054864029
0.3268206743346796,7.45533331618819,6,141.87229523525826
0.10271043816589752,8.373155452364376,7,122.43222265183209
13.149519693074408,7.562335062968759,8,160.18912605493566
7.23107056846025,8.379168092658695,6,106.84341718979206
4.7625709311973665,7.403140103869701,8,144.45987350195813
2.1034385778605675,7.594362228379309,5,109.3175209597236
0.761226144568435,5.102159178561471,7,115.2587275395383
0.6804829662914166,8.599593209642977,10,111.32771992873658
1.1520239565063344,7.915786171077591,6,109.17591361807754
3.1871625932532583,8.697612131831583,8,213.7384057614388
5.015397151107103,4.024493546167573,7,115.75297256564107
4.317561398787194,10.006049645736873,5,312.26830165817535
1.3136490455559837,7.3324924462137915,8,458.8379180231587
12.392413994225226,8.82981938008502,4,144.51597509917497
5.356069619500905,6.252112887449363,10,106.93971452895595
3.232921927725325,8.235328686075084,7,122.63413837632426
3.7841218881497403,6.235901324191612,5,200.3415534831109
2.1761514621282054,6.751477247165034,7,122.0289300133214
1.138645169096254,9.796837624640144,8,104.03756513250369
1.7600565172924496,7.271181119083984,7,142.44455516899782
5.672727391026853,7.760919447815668,7,224.99712940478145
0.057992318883217105,8.544081276826505,4,199.5688122245656
0.4935215689599042,8.094818265567126,7,108.73079320253953
0.1883775078100821,7.680502686172292,5,162.5287973494207
0.1663258076691697,7.937953202959471,4,111.43907601779742
7.736812134462634,10.38409870228593,6,111.29661734616407
4.864962446802753,7.430857443559698,4,246.17890262202465
2.5711383776515695,7.741318856057961,7,113.30207463000508
0.411827673791253,8.760785275209134,3,114.20528807541135
2.706071863188933,8.82663111954958,8,100.02842161704908
2.5658013283774848,8.924436366672456,5,243.34156411360297
0.7607788512008999,8.26647626643502,6,198.16865002103415
2.2755965252092953,6.128394104723419,6,153.59608338710555
2.0333464583328276,9.460117838761315,6,182.79573161787872
3.826889731652538,6.124385528377575,5,107.43432336673581
4.032458144163648,7.86316255828684,10,130.54650600450717
0.18544929608213892,6.594868979976771,8,120.69702932716886
1.877536018620246,7.423033984088409,5,104.37424442182994
3.932499979130914,7.894514892364176,5,133.57222194609142
2.797757810431159,7.885628658540328,3,301.07265427379275
7.765397812701755,8.006304905082342,5,101.79343929285389
4.299899056219991,9.436453522870377,3,116.16069765403245
0.7114114750692293,8.044241161816776,5,110.6427889297281
0.29272974502496335,7.2070120376512214,7,112.55382791791165
4.113576588435564,8.656904601946028,8,282.76199200953243
0.10747629066957771,8.927364586709569,5,131.58105574593196
3.5253895112291627,6.026870621835609,5,131.3911838995143
11.269021821548607,8.216880083819829,8,186.17733643029226
3.427129782310178,8.341407290773079,7,107.56921340725525
1.965202768895629,7.142923795968009,3,133.70068253529672
4.123308631379928,9.150848175973943,6,127.68399692456254
2.451823896204365,7.319933295560968,6,148.44468784607338
3.1552574423052806,7.650691744165851,6,2873.328807660655
11.352508584931996,7.292313810859357,7,189.25952024800011
1.9517101094007485,7.518694857097761,7,124.676755942813
12.996367446027016,6.184469895725758,7,214.72811314304064
9.430304735079677,5.771938940886847,8,108.47874656762848
0.8715850437618,9.413406075869966,5,101.3541893229942
0.2875366212126281,6.483646382018007,6,110.45558136735221
0.42490134192652085,6.310329180652431,5,119.83314017106699
0.07355955138893482,4.915931863675542,4,136.43358364564048
0.39682004662301656,6.733245902772597,7,151.45995141666216
4.5954994903086686,5.912292247911002,5,285.7276603683088
0.2953985077857081,9.470418192163642,6,136.34559353334507
1.536628753179474,8.711780507211161,4,135.32092763176934
7.454104160389108,6.674219585786732,7,102.26657146083282
0.09418801272284603,10.20292296641317,5,101.55702007962266
6.738122024743834,8.678118584389914,6,141.66563931109016
1.3243338673585179,7.110202339789653,7,128.49029272648121
0.5030004793164305,4.500713142151712,8,221.34514667225383
4.772621633759654,10.24913108710889,5,107.91327559269868
3.965596705732881,5.832513039883684,5,101.10557743745872
8.397663256347787,5.52552150365173,7,129.585398637618
5.313174315057601,8.727084518411568,5,112.51094074581147
6.507983223975913,10.427702887607127,6,102.23715524607633
1.3253354492269542,9.161127382212621,5,175.18332551100252
0.7813331841617879,8.176690944062832,7,105.27921085871215
5.555025584021699,8.213705209998343,4,150.3093886712204
6.576836732973678,8.52409867053637,7,115.42632075459778
18.628019560560922,8.410714307744119,7,108.63767531693252
2.12831741661042,7.837429708763251,8,123.08037852367397
1.8609756478469308,7.625041324742251,8,201.9621305056992
5.991818013374348,7.424888246520573,6,124.16066486325317
1.6669346837230126,6.595242493359988,7,182.95632254264157
10.680551697597306,7.163189907759871,4,106.00317203782346
7.8193566286649965,5.4684518229655374,9,190.45777882950387
2.2414224377686387,7.3819924478463,7,112.47598058930066
5.559138865981844,6.313690671418899,7,163.53855979743622
5.618531947420069,6.175692819341075,9,143.72030970185187
0.4353500752268721,7.715872981384174,8,316.1099444138666
9.313782723470528,9.170402743613518,6,123.7393588403029
2.8148299590270174,8.601979927202775,6,103.02107116089113
7.00533023009332,5.615399275652187,6,100.84447307268356
1.5429417046580332,6.312446236115595,6,214.35320927687206
9.035162058183705,8.628925425585859,6,138.18564652305176
1.9719538162406849,6.321015127754029,9,191.36596431028622
0.043587226460701914,7.230440220003571,6,112.31564609131912
9.431629187849815,8.160062518829463,3,120.2040860440708
0.382902442193901,6.337986654163638,6,101.33783952628626
1.5386145335401555,7.626450607375152,5,412.07800437801814
11.987889532753142,5.899169406098155,7,161.482595272659
12.031798160415958,6.778358827258543,5,324.3255308249911
3.407989164221055,7.8837383209710445,5,114.35719944885206
3.9969203215620985,5.588407519761997,6,150.83702454882663
2.3800586544914304,8.028569685552478,3,163.78311310408205
1.388091114984788,7.476434641287983,8,118.07094275286256
1.593945338201559,8.162987945300577,9,226.91119676265305
4.465294319714025,7.768696960877594,5,359.1193357323942
5.583351494652309,9.136968515968613,5,255.9496289319424
6.272781664884595,7.6502694031774885,8,179.3424188023622
6.235324127394967,6.984713350649696,7,115.17696134072146
0.38254778616127777,7.646757003638741,9,115.4658723538617
2.728198386293424,8.151957634843665,7,421.0840977148944
0.23712682579495117,7.558632084390845,5,100.4504788705968
3.1898452627815717,7.548710029444659,6,172.87050750550995
2.330221099949134,6.657609974631893,7,170.33798306786554
8.746474656883205,6.704518898938862,7,152.77207621954193
1.7287664778715404,5.816873673840368,10,744.1007745318884
0.49802391020980347,9.599492091824327,7,117.64694014537473
0.6172306181684775,6.007364117530458,5,119.7984251591134
5.733722188316375,6.668513762644912,3,103.63987201466149
3.85162271899214,6.637911281316963,4,128.95236800233883
0.42643484898154177,8.57390925233333,9,114.0574120335704
0.3514220866744203,7.146060386049567,4,120.06891235069031
4.828833886612399,8.997290487208481,5,218.6426938800896
0.30218435810318856,6.6918112509073575,5,329.25880798330763
6.900743415234325,7.834792994668562,6,109.34452573156538
4.89999901252002,6.497583536088291,6,122.46069448257974
0.33939500232124825,10.074178953328065,7,315.11779101004686
0.35461547111122677,6.074881897164585,8,102.81279568450357
17.26183424823237,7.871784852272433,7,104.30341618829091
1.8753503302091583,8.260532257118518,7,108.03151856829044
1.85222104190125,7.996558916941797,6,148.17365203193629
6.702301613130708,7.27765480934675,5,107.34760652689042
11.768658151852975,7.344215160319888,6,447.080819058297
17.075095758407937,7.552573766374931,8,129.3484378553887
5.599596920465367,7.323597598045813,3,135.3495239130904
1.8880839984765025,8.656654940153892,4,113.10500282109051
0.34877597479182904,10.152627601909622,5,131.89322184355558
6.004970161818503,6.831009857990599,2,160.23986965161635
3.269441630245972,5.856236424505107,6,183.08653213500253
2.208132501219895,7.394061541978494,3,183.9541515455423
9.472950701912362,10.595651205185183,8,145.49863357189332
0.471520831887521,6.535590518436323,7,277.4595923307444
2.714020437491817,9.466940166532881,7,209.45693071524727
0.045674357730166676,9.513240976891728,7,184.9971758127001
2.529417478331705,6.835694109950406,8,102.51864384233069
0.2318017242637031,8.18277969502233,6,100.30052565047576
0.5059639837246849,9.454075947754246,5,110.94195376999778
0.5001049280298251,7.045046710815016,6,160.57277238913056
4.190273545627886,7.255703567877166,8,125.89636592858757
5.482390870385891,6.801982903261628,5,125.08774552495751
3.502215108811474,6.28229192316856,5,255.690829390304
13.098880836409508,6.7208669459207915,6,267.04519873916064
1.8791863116810688,6.031271679885292,5,283.7623159672794
1.3458766296822349,7.540900161911071,7,117.79581766172767
8.118010152680919,6.57603212272963,7,166.64461794325592
1.0123282709274135,7.780543094148897,4,114.77512107630348
13.211480425007643,5.632925224555647,7,109.63048550491776
0.04891577743587723,7.897056278657349,6,109.2803284201449
14.010107691517927,8.500234753930709,4,119.96736120218796
0.17647599447400758,5.107517228914253,5,127.68130955459016
8.870884916640035,7.948867883817087,8,216.5931164257898
3.0005730013975613,8.973202790967951,8,105.70964192991053
19.82731443170413,6.0484307775705535,9,178.11883012072457
0.30664550381781974,9.507086864205244,6,139.04378156639729
3.228438654933395,8.002822811239254,6,115.91099623627348
13.93430088502402,6.653985773089909,8,134.33532433597057
2.961775732724176,7.433077106810753,3,116.77047647702867
3.9705131615247495,8.169992295026066,6,148.31218920325165
4.759604952467097,7.591206469694894,7,128.06163875998936
2.4245110227078035,8.146507190935644,6,108.12222516784573
3.9506966920320883,6.39519168830476,5,105.53735620991576
3.5113034472230225,7.703232988843293,8,141.057348110294
9.25693107793059,5.803542603714024,7,275.039367918229
0.1860458469739239,7.36652872638156,5,120.1143366597316
1.3193709035950338,6.415310830242253,6,177.55912887857343
12.015984023443725,6.617364068892281,6,159.5742615592175
8.838703313813944,8.983311810252525,6,320.90237063378544
2.43270104783848,8.809572144713123,9,211.26447990030837
3.871732114955909,8.230965745088612,8,143.83900807848983
1.2994936795805205,6.189224682392905,6,159.24390724176212
0.833616645744258,7.120309860366238,7,270.2465722616377
2.492234395216395,8.95571723997502,8,124.8258687639414
1.7438141384669334,7.670060296367886,4,118.77320300239971
3.504974824026572,10.283195447978033,3,100.47372498228466
0.32368913773273916,7.971981407273246,5,214.18790856659248
14.65984049009027,7.730458939788038,4,201.75679798340994
17.135462302210154,7.1290602429569985,7,104.91351982342114
4.7914555276511575,7.660249085738739,3,145.34398275969863
3.0723137376483596,7.317036196343348,7,131.1438689684098
1.48151720621744,8.34973041202631,3,105.64797548607578
6.723628669951987,8.648042780153501,2,554.7854105430355
4.617318334595263,6.55681264739046,5,111.07995826677043
0.7098946164019535,5.9025204557306665,3,103.07238791228306
9.67320436799651,5.296553552276045,6,148.11552626360006
6.915978045469086,8.109589592295052,7,179.2825961832755
11.966954100133744,6.1759600725913515,6,101.44430473198966
5.174416016784537,4.916531288457021,6,159.58570309273455
3.801616078365491,7.966294325437157,8,139.15190876543767
2.1668100263724535,10.491599420919348,6,104.85298988820236
10.796073446188473,7.492714906152128,3,108.58216353649281
8.04156952018768,8.50618892934197,7,144.03700864162414
0.18509175461249114,7.598195230257078,5,116.5114745733803
0.10688326746604546,7.381332416170629,4,335.7462058024894
1.8893910463330514,8.602891779585322,4,210.1249586329484
6.654590891984345,7.151670546973619,3,596.7296993358827
17.45710187288067,7.8208707768862835,6,113.96508050349037
0.6520380397379187,7.886037367435216,3,457.49849304724665
3.606896520862943,6.6982914556283415,5,127.80579722926424
1.9178947990323845,8.690450819443827,8,120.39892412294253
14.01483421750385,7.29004829196551,6,102.27155855798176
7.3836528297345385,6.593105808608587,5,102.38487821829969
7.288760185879429,8.143811812284484,7,166.86918869200684
2.529662284559094,6.421838421850755,5,130.50517957754977
2.143339745309396,7.533817388842954,5,111.81518668685885
1.2775555686002449,7.489057204026956,8,151.26209987468062
0.23210785537934486,8.803074678997893,6,113.51209477652353
8.001704560013241,8.069637879455943,5,145.4597813878644
6.704469756999692,7.469967649505827,6,121.34901955898827
32.68978239127233,8.481319559040344,9,212.59751389455948
22.779493602977333,9.168249058820775,9,211.1184874665216
3.242606370565576,8.169372367622234,7,132.59193849283434
5.861132360825043,7.512423143812057,4,120.66466694748455
11.584686731497744,5.925796521179809,7,121.6259724476596
7.579088058836983,6.2218636043095525,5,203.87959805119738
1.136609778324586,7.133730354774399,7,118.87958408470594
2.395307309599458,6.768585357408861,7,110.73509130179069
0.5531853772523546,7.275634436417465,4,103.92239168161541
12.320895145766835,7.567979909876529,5,131.43334819032205
3.7273908103544726,8.135631305228078,8,133.12285151707002
1.0384149016739348,7.41540146632909,6,222.38744224067582
4.455318156693001,8.083801972591441,9,111.48475766803472
3.8506817389722867,7.577369297772144,6,123.18749418359647
1.7736818491884243,5.129440120375355,5,205.1198122309692
0.4821564855938771,6.372797527417495,8,212.63491995281308
4.453765134076408,7.327094933134061,7,123.50201806490067
2.938441696744151,6.048366308590671,6,130.63046763139135
5.91922832384206,8.219914475995445,4,117.01381207961772
2.9372394416940604,9.336900998812437,2,322.9623810830143
7.647080445233936,8.96251422203678,9,105.64457060401719
3.21101647608595,7.2438685548837505,5,325.4814428856313
3.2924583239205885,9.288871364219942,7,164.9861815920162
8.371034572919086,7.678400948642534,6,139.05891092642528
2.066589255952468,7.095496834658353,5,101.45413513568171
0.5755518215611958,6.763916803750872,4,132.39891276232376
0.11682008572837874,7.137036376214246,3,125.57703803874314
5.628229810650343,7.034187817750525,6,107.94343281351372
3.8735958682427185,7.704499466850585,7,159.11872754546943
4.870661391191506,7.692688777259837,5,467.2052962606944
0.9579259739737739,7.503655224184097,7,143.2063370139588
0.5864502049131146,8.02432580369562,6,172.52839436766087
0.05860590506267513,8.928775529743609,7,103.13087759315817
1.726749046060277,8.639464962529589,5,126.50258182150785
3.5655895026597784,5.718122437860115,7,105.5256928762855
1.9919274702446028,4.435294638117654,7,151.06244624897636
2.301278251313725,8.621183893487128,4,336.14082749378423
9.380246091925766,5.859745561901494,8,160.21187275723742
1.7124104577004469,7.23028151772878,6,103.53552926260173
2.8861001122892844,6.095864368728769,7,120.97689422077886
6.123486950878807,5.337623474903976,9,141.59754795839746
2.020320525196719,8.149755273845745,9,125.16075863024886
3.8923619014123414,8.410986192363175,7,218.11168772333792
7.932562574737227,6.808187519127936,4,208.1064259861551
11.94476166149867,4.390749249426108,7,150.8990818394785
0.6363275172593439,6.844506662097021,3,122.54130751962411
10.446651052168315,7.970164806483056,6,113.6761886220328
2.7100111239821225,5.725306117471046,6,104.98591964276936
1.194941817405583,7.720031903734987,6,120.99576599018182
2.45834786948279,7.481628180992406,6,126.08041587317042
15.654612390322367,8.195149799521307,5,163.19368463545882
2.713965170669439,7.643496442096984,7,159.47242832233826
1.5944641284019991,6.332317270942133,7,103.21077125636728
4.013945095830638,8.93588580199739,4,124.442841348646
1.0985138708624118,7.309764512367636,3,109.11446001345999
0.31558121990494015,7.467234552588081,4,107.69782511332193
0.5519008788496634,6.3800784491121645,6,214.5924200923899
0.5480736962680285,6.968061298570188,5,101.8791334543858
0.6590396062266919,6.438236743167719,6,126.64602403486116
0.5978402642700662,7.292464728091892,6,108.33660312009185
4.096336204303226,9.554050176170811,7,250.78697911464124
0.8029854281379265,5.853718628482373,6,142.4802864050654
1.696557263179221,5.563726322547911,7,112.12197260254871
9.083896500513431,9.26540439299233,7,135.457013945421
2.5695245665863746,7.2488115874177605,4,177.12322004290442
4.405156334609522,6.6971127136081,7,397.29999220589656
0.756514068452866,8.747885624875291,8,111.43545494645637
0.8542039239803803,6.773261352315763,8,257.2424796227374
0.16690885087026122,9.691211656256323,4,326.673449024879
0.7401893762623235,8.313511045607124,6,294.2065755805325
1.306192474524582,6.914506310225157,6,155.06790846983804
0.7792472699324318,10.088769855918605,5,154.04474117185242
0.3715436314414703,6.773142092395994,4,125.16102097125403
0.5142248539734101,8.390514446411169,7,183.4784502157322
2.4705173734615165,7.85915109648779,5,139.02302716616722
0.9243688253803863,9.062089547278557,5,163.54846602129876
1.811924462043674,9.373813436072224,5,127.53553468844476
2.8000207388573215,7.53840497887892,8,177.12611806029432
4.689829736050169,6.59589855558458,4,213.08090007526707
0.1604229204000617,8.05196657152694,6,107.1266215909259
6.425976975304478,6.686741556297473,7,217.70575408568104
3.9543747614691855,9.916064697031947,6,140.20025101206633
0.34118172150533704,7.663842397299285,9,224.7103825588138
8.272538793952362,7.06161413842547,8,127.81242534223519
10.146774185515712,7.72161636703789,5,123.01908270775775
0.2520913102406536,5.883448452564364,10,292.14939755466935
1.2967073725146032,6.334063153787218,6,113.40071689677305
6.56374073290657,8.94049668953331,6,224.4256890966799
5.5174289608572336,6.711726865234326,8,133.33447054749013
0.8159185282472019,6.243706820781672,3,136.86178057710617
0.939596124726133,8.143983303032744,7,117.39427308977606
1.851140440097479,8.922844985595596,7,144.77787404784576
2.6506502586744576,8.36274397279808,7,118.6519390449327
3.852007336234208,8.69525722296698,7,101.7570514730159
1.8412502520014047,6.591845893716647,10,114.80016620494236
2.4835644368836705,5.793827199909788,5,100.27862554781275
5.50491576155937,9.301600382346583,3,529.3655950442487
0.14949180928591385,7.112784193389437,7,433.59944291093655
1.1637464875295889,7.199000380253943,5,124.43353610739214
4.997967499824103,9.09383297021887,5,176.23705682560927
9.023067017322454,8.167476011280792,4,120.2617758205571
2.8671164488336034,8.047065326497929,6,162.16917240908845
3.0381180094122757,10.098002813881301,7,203.74993822209842
0.4534453541626535,6.727778123543828,7,357.9284556411151
2.3725729843342034,8.613408153697485,5,124.88859920406416
3.0424271962211598,7.568415749876501,5,194.42640119371666
1.1107712130426133,7.822310734635908,7,114.38645796111422
1.2546984475141754,9.334162111695038,7,751.5303500573901
1.894659939209888,8.109402907547548,4,101.14157337731078
0.08110144300125806,8.14595529485956,5,149.51700605695103
1.554899045024543,8.787008804771762,3,159.74624481372496
0.9502277424945195,7.062056724548538,5,165.94354308963077
1.5869969209279307,6.492948399193192,6,105.73557969540614
0.5102524131391251,6.24622896717476,6,336.2540338918718
8.848319599772099,5.140372092748798,5,109.07994539081824
3.601595255518239,9.967448555928387,8,152.78332005615638
4.546531831572127,6.17614996113398,6,111.57434183020544
6.226836129511165,7.234495651697074,5,117.30199454509402
2.7601456873955406,7.167824040133295,7,141.02527651825838
0.3637283780698234,7.868888037370921,5,126.45787871517209
3.0810334531792902,8.478884655047157,6,107.88790731010154
3.5356922314854944,8.532568186031694,3,108.49171849637422
5.472866595233637,6.800307073717274,9,126.5477356999438
2.2601385975319284,7.299453943456307,7,185.07498555524015
0.5459386669172489,7.83909594058596,6,269.76025825658434
1.3350487210468156,7.201570648579743,7,103.89472632480323
1.8044593018984938,9.428814691223991,5,124.25049068273646
4.1528984464874465,8.089169941965901,5,104.69985697650299
3.3831268848056784,8.381853343259781,8,100.73011669860487
1.7608270386072247,8.295457522400895,6,160.19971288789867
17.22478308867925,8.90816862898239,6,149.34037294983094
3.723332033868837,7.717225870444448,7,108.04431962414391
1.0831781150271997,5.943801662452984,4,112.27658260054132
0.4293720184995474,7.97962554210317,5,101.0486473259548
0.6635531703593035,6.718371727449805,5,218.858775316731
1.1292273975805638,6.865659981900292,5,494.56713507187374
0.7006594998171761,8.203636822506112,6,106.53311884880247
0.8259669818183216,8.985939685720362,4,112.12797157999587
1.3424233928617861,7.525525892083274,5,241.51598917189258
0.761609734651548,7.870599615118756,5,311.04667770245146
9.083005797423661,9.542657933562285,4,126.68818799034938
0.33454285036800063,7.7889038153862815,7,102.28434142963143
2.9736494004508107,10.622019737016474,5,101.76268947457332
2.1132222259572093,8.178611574757852,7,144.91189669484078
16.15456866406368,5.387084689013019,7,124.23190936617931
0.4753093827896196,8.40400994532544,7,101.27197476490551
2.0290319749697217,7.957390061859333,3,146.30951089572494
13.95623865650686,9.047703304899295,4,100.49543610093363
8.024976247872619,8.30781762152395,5,196.03738278712947
6.794652136144718,7.333852819219471,5,117.24435520060736
1.1931003341340185,6.030842116452761,6,101.80261018901695
0.7495981311459501,7.24917209125677,3,147.0948570164318
4.418238394727134,6.47937545494884,6,124.66043891852716
10.601540379839822,6.803371860234333,7,487.18966837530166
3.254601687618969,8.206294085304732,8,140.7208458256238
3.390910245834346,9.503885405221688,5,115.02305811001851
1.3139001232426033,7.973605835787577,5,171.14924578040782
5.869895033648354,6.064940325557779,6,114.76544991420545
0.8283119285842834,8.033523201864169,9,277.31279545851345
1.5643512524769305,8.935957783974782,4,122.64895140697321
2.216578200279322,6.768260514816742,9,141.4887871615682
2.833939850578794,7.339179399992498,5,102.28202896225011
1.1104503342784233,7.517625833675036,3,127.30949726043875
0.4879330885765418,6.558122024301312,6,217.3857614087451
3.772798629717426,8.27793652061263,7,203.84962024854585
1.3622534737461671,7.354862221670662,5,111.67699998092213
3.4818122731697745,8.003438932688434,5,111.78738226671538
0.6706590110827192,6.43500938663748,6,209.4058117084469
2.62448551211411,6.975050039611908,3,318.5730900695395
3.0421889925163113,8.366857629393326,8,104.4536843448352
0.21285860582848531,7.052600217489879,6,129.689829736947
1.641534405521693,9.572356621480086,5,119.600291351334
0.5773973073277264,7.020436577262477,4,243.35745366873263
0.26188903509009953,7.769621670902263,7,103.86501231788341
18.404805245581297,8.619108998247707,5,110.86112260697205
1.556520090077681,5.7979611204803625,6,183.50115435802044
6.6402824550795945,5.387029425623069,6,102.3158065241188
1.1755553371736056,5.669212422515886,8,134.30260870620404
4.576565404081406,9.015100924112618,4,128.88289040721105
5.712264891312834,6.837770224929064,8,119.3614569647448
3.621786376676559,10.569839142801904,7,124.38142613787133
2.551426576181087,6.8229028816111335,7,138.84884800989244
2.123031254021511,7.721461563836445,4,107.9517454168765
1.7161732068158992,9.350531943081451,5,144.6238841506809
10.610224192883123,9.907311465790947,5,203.75097915325432
7.102428284567192,9.973804291963678,7,186.037300749008
13.412705557662767,8.95003947671177,6,107.53646685495157
0.5309141673444222,8.728875030973755,6,107.28049537594002
5.25020545384203,8.21103233904142,5,114.53895333079028
11.144509061044962,8.434033291399965,4,121.50297929317118
0.7998232388031907,6.83857714040576,9,125.64231505219531
0.2752412698899875,6.518161339893231,5,164.04900602344836
5.405572612754488,7.495950651106858,8,102.56941869551746
3.417708576794679,7.295778452970086,6,101.5460941024513
7.376308565285911,6.95612634080727,7,124.14441648961866
0.6022329856567704,8.335664936948058,7,168.09769721768663
6.344200444127472,8.646366250284613,7,109.79729922082598
0.9007190922680918,7.606088263550217,6,156.2078034564342
0.714860795862072,9.273036097266314,7,113.97561008830033
0.7177786262398028,6.1299730630397935,5,257.1485318045792
6.740413130256035,7.267608648864338,6,267.1866196488707
4.376854556063876,6.639813215276634,8,116.57846188101604
2.9615038253841774,5.260156059512328,5,112.03412508344653
1.7778456067122725,7.400783176988761,7,125.90626633633073
8.38881066917733,7.353902989940059,6,112.70736513595578
1.9932509987897797,9.316139691890557,5,162.44664047874124
6.7843306513922785,8.256974021465734,7,213.9272888641373
2.3130995244555215,6.270975810804954,8,162.59957357143057
1.8924782632709485,9.724911079601025,7,213.0170307872114
2.4846442395984103,8.965240434630424,4,124.59819696988046
1.4345811017225683,8.198517244162339,5,107.67030684152242
5.507109251747758,7.228219081380201,5,179.00993426284475
2.794411262782384,6.348672915931824,6,121.45338544678661
1.056970123988261,7.053351868714737,7,162.20727420594676
9.193359398202334,8.806498343645023,6,114.70741178915631
1.9373269694348452,9.761503567121531,5,103.75211671653825
3.137129528711054,9.351892233926627,8,843.2513449020026
9.477982434838506,6.913380693856471,7,107.66390082331576
3.915197215429323,6.156459080053187,7,694.8355848658765
0.497258463431119,7.669063496293445,6,518.327814736694
11.242466735728836,5.3778727613245785,3,198.67899012805913
3.952307715739305,7.887801257021738,8,159.7293132193783
1.6313052622052375,7.322876896441597,6,145.48603716883136
0.5999072824657032,6.940756197758109,7,239.6971100790348
6.320005582721068,5.5863563192798456,3,116.01690709328425
3.8711020302514094,8.11632012788366,8,131.5393651846676
3.0496554321961127,6.860758992405707,6,152.1948301162138
8.973213322145781,6.096099797147654,5,125.89571397505766
6.215960054784288,4.0532853440620205,5,127.44140072536405
0.6579652805053635,7.4669821139392365,6,119.04191231684025
1.4942502055832019,9.626701916003693,7,143.49786083567378
1.1426784741953517,9.493511057457443,6,228.53136324138168
5.449472247473646,6.951484492096474,7,110.27977611826402
0.13643015943135173,6.777345527565863,7,326.9525719681345
3.374854225544572,8.062529107290029,6,166.18514018629267
5.749654863439115,6.30193747297405,7,212.45151561381147
8.374669377543752,7.862150279783359,7,142.36160217845003
1.6746983741803707,8.419296334061627,5,192.96956912509293
6.887231854164012,8.972319868661168,3,100.7126604017881
0.46897554039510936,7.379815108224057,6,209.94386744396064
7.4949758288467505,7.255591499787641,8,101.79711592149769
0.5455185221122834,6.4464208958921265,8,260.9979830923318
2.0252585248394572,6.507743575152168,3,814.3718834927193
6.38402145330596,7.228225329718168,7,116.34698419130439
0.6496871596816647,7.940838608179414,8,110.81182720639234
1.0415720897790037,8.596301551479899,6,187.81961508975385
5.124172390579622,6.536185259183586,6,113.52320866152571
5.092384687966779,9.291226282751426,5,239.2786764497811
4.099376834949563,7.174651678748917,7,104.83152230118723
4.736006836350468,7.4743592467818765,9,106.02789334001794
3.1298764047825527,6.603345985022612,3,538.0684608978736
1.1603347970376396,4.59091168767247,7,162.7613308982372
1.6967327751730537,8.56085447563326,5,226.12202019378017
0.8016050980661273,8.38421267651092,5,118.58458686697901
9.563504557294607,7.162406931458144,6,163.33853346300864
3.502436218546394,7.580388860669847,7,148.01937824708372
2.0489826379160894,8.11912706124492,7,149.45495726269579
2.4796300252846533,5.624944971736149,6,164.6844017074097
11.771294947988844,6.865136787184446,4,145.12080382449886
0.6658782005140027,8.453117615546192,3,127.59422363274761
3.529778436434216,5.9948526921969005,8,115.07025390625412
2.819977763172709,7.852269518599956,8,188.95070879927476
3.781377272012291,5.8721018344519145,4,111.79952763206569
0.07310472162598894,8.05971597892023,5,166.95006444971006
8.226774090162786,7.4572302212430195,4,112.2460135444858
10.759954146765008,5.561841820913388,7,153.23928618363647
3.3308618557735907,8.897687225348605,6,181.79052325955863
4.771482962103833,6.618490107842341,5,111.3279732301109
10.229877431382505,6.527697075582743,5,102.72405453717724
4.913589813570073,7.740683036677131,6,106.2936781317928
0.6620420364964869,8.878364819314458,9,149.92351453607
3.434808599410241,6.281013817225924,6,227.78524931965535
3.73288342813606,7.574015819817566,7,102.02193533741364
2.2074980156912845,8.014579800396687,6,177.89300286500543
5.333961215533568,8.331726728715774,3,119.90486261848719
10.894707543049899,7.7117298663326705,6,132.72208019325927
10.39150485221647,7.059566593100013,4,315.55839265210807
2.3974571852144706,6.5068917352215365,7,119.17251155030849
0.48071481820713674,7.6033726596556495,5,131.28829451653195
16.756695956482826,6.213433185617272,3,100.6007924170414
7.302872443273771,3.9943794198064713,8,103.77024321676889
0.5325838388682536,8.0238717649892,9,113.89292218602161
10.145231763853104,8.584721809303435,6,101.23572363236147
8.157695724907454,4.6644810773497944,8,154.32687587030793
2.926205543874597,6.288323154348075,5,127.33623528773683
3.5788551473162995,8.242985113206238,4,141.2539103727701
2.0366593736360543,9.96899456365404,6,108.70352722506908
0.22527259697317514,7.524952449210489,7,116.48084888554544
1.6330595452029646,6.626396470525039,6,160.63524114286878
6.495231644264715,7.280524270674192,5,431.1756038823721
0.01857113626537154,9.149851702977822,9,102.27470743613426
1.6228555863606748,6.724842985050557,6,261.4849280884117
2.0311123794187127,6.540969592019696,6,145.3475402604625
3.083532096495527,6.920707773381561,5,143.45317794659238
10.095701904612167,6.356005670089545,7,135.20346573000975
1.7007084435631603,7.647204379193755,5,103.17633178489147
1.704425943833981,9.449614150163473,8,104.17956481424125
5.350035806662262,7.887695127739235,7,149.08996311459765
2.4075110939693576,7.1971757974484545,4,119.87637502920172
1.0175298948109015,7.149826477301347,5,295.51319742889564
2.4091294023046204,5.624171029564012,9,125.47047320563252
0.6072796877255482,8.55973173257659,7,106.95492742127475
0.776218012832387,7.406595363584637,7,172.51933756925266
2.7595521712112707,7.2834241036912495,7,116.29585462721144
2.171504865024028,11.331729081413833,7,138.2786231793372
9.853170941011252,7.8585034900388235,8,168.25943138073706
1.800138332158913,6.597850739885779,6,272.4469641314351
3.475609535141088,6.988370884553348,5,198.00121253522292
4.001563090071392,8.878134851036105,6,163.31161029327
0.05272377930263691,7.635924492645318,5,164.0347487533294
4.357072788143956,5.77406642601916,8,355.5247434790051
0.7842345607969928,8.603074721490245,3,116.47308615826584
12.983993089089706,6.698227097353207,4,100.04839053191097
0.6437876172407203,9.747957331461055,5,114.79714646486099
2.1420044581464275,8.796057678857577,5,111.2770542932389
0.3568537506020125,6.963213725209498,4,160.22358304839577
23.072326460603037,9.037219634082135,6,154.75407793584932
2.7901874626329044,7.5814266126328835,7,147.89576448978318
3.619277296355783,8.523328410146663,6,100.71457639828887
0.2777282033130167,8.08167938075337,5,176.35204900157535
5.544545020863996,6.484372014010952,5,118.52367178404701
0.9424113530010528,6.727740201219046,6,160.89176605277385
9.133259427246522,8.735952981097393,8,142.415712100754
0.9183553126433334,7.098269601472151,7,120.0168123102874
0.8462817192352634,7.015621844109604,4,106.48583131687501
0.14893736743068867,6.353852904780776,6,104.40642822163638
2.5551431731818557,8.008318878712153,6,216.91093993096143
3.328176414704722,9.975029903091773,7,297.28466290570873
0.2718677607166259,6.2189605028948725,7,157.80362364696697
5.976010374393489,7.52906334800731,4,104.86158806962693
2.415338601174487,9.194664666498515,5,125.05326521701139
2.9726306183703874,7.404430330505142,5,176.39762451894555
2.324725887150321,8.042846155499682,6,193.08543345182125
2.0483928050996854,6.2251277662237445,6,105.62242165603637
3.280653828551499,8.013968516649179,7,100.00133563140712
0.6748120270438219,7.275426881994542,5,171.84488836376158
0.803220344834502,8.682875994815836,6,121.13453696985066
7.915797313184561,8.924863261877702,6,113.61948490947356
11.683646837058742,10.607476370422336,5,100.56600292074887
1.8692087499005543,8.195559807856291,4,140.2006322346503
1.262925462770664,7.8909555798986,8,228.91557946608313
4.131293060377828,7.733261161892803,5,395.31058143753694
2.101958270428985,7.076200448627174,7,143.71504241432854
0.10285659493058812,7.90618061215403,6,136.90661203788352
0.6791344131980425,7.145518307833164,9,103.94056511106304
5.034733039412182,7.702153171523537,7,141.35291780169825
4.302599129270143,9.081117042729552,6,123.10001655656428
0.10987943153776039,6.292148921664431,8,150.11222917393752
1.00397189546682,8.867854273354855,6,123.86283332241965
1.051046315803724,9.080538080807838,4,112.6923692938525
4.457658891311407,7.358317767610705,8,104.43382837168392
0.07962952516855762,4.953774121189687,5,117.87356051887126
0.43974423440549126,6.770613615486681,6,104.51820498236626
6.436073709184966,9.05639345587333,5,108.83260860839204
0.7867108378071413,7.472558325241342,7,668.300117661299
4.230796355682307,6.300837321246107,8,129.08394198144478
1.088194488835981,6.8942700945261395,8,139.09760010040748
0.4189601339394853,8.508744031805463,8,245.79465342664957
1.114478065645789,8.156080281841655,7,1055.0082802536192
5.1243792523881275,7.213281480996367,5,146.22747462449593
7.743345349815718,7.059810705822375,4,207.04275670858675
7.093003999902257,7.029890221147414,5,118.78442861395804
2.0245699579003538,6.393107778601797,5,117.193761022237
4.41150711361838,9.43845082736333,8,125.11482667206717
0.9175736413159231,7.113215436946392,7,162.4732549807625
1.3877343544500673,8.960590224990597,7,164.60760320491028
9.066394514523617,9.325579262306942,7,117.89758112076598
0.05234875358514001,8.697973077777553,6,106.41281778244355
0.3575485585217965,6.982055624738342,6,154.51308005550243
0.9322011209592608,7.984476108403931,7,106.15317139928919
0.10756214089726754,7.470965272330901,7,145.58885526225663
0.8008120131610911,6.415557767123846,5,167.20263915071502
3.4990749149774665,7.889231138065924,5,168.9366434400674
2.1887452734712016,6.085152250608237,7,183.82562954114985
8.92745208328731,8.925215266153877,4,245.15551050604952
6.8027836120779135,6.942459243241928,3,135.16589389073823
1.6730912206761281,7.741391587047407,7,176.76956631737943
1.2013050085891142,7.839945445855371,7,152.15707795160452
1.910159232434151,7.189314031555107,6,109.39751568733837
3.569271000573221,8.20403256177033,4,101.1379646484873
1.2482468392610915,6.930115612052971,4,115.67090221147794
3.9142489821883504,8.545556756948693,8,128.97607847826256
2.1065441571192447,5.884824383703902,6,151.79943792757726
3.212269466059378,7.651655495455694,6,228.12348777970257
2.2917015803644483,9.826714798869942,6,109.96405312843855
1.3951999010493326,6.299602410473311,7,106.00651840471254
11.861068884608814,6.686706035370178,4,421.683250230223
5.769018014930545,8.116689419590697,5,105.0969060271899
0.6038179924920835,7.715498138327518,4,132.7179528649156
8.114019710877296,7.920756119128271,4,146.6637260061986
2.673281318647666,8.087024556177196,5,140.34341987201293
8.998157961158974,8.261665762274124,6,103.98879802374653
6.434857815719601,8.831639810347468,6,102.58580292959407
2.2150264770344292,7.991782388314215,8,104.96597051701326
0.09090235791016046,7.210490814457749,5,146.66741198423136
1.2516021911059467,8.307088441443277,7,140.74047838813925
3.120351022719185,9.779858321874258,5,112.27199297498957
4.0147893277381455,7.340839504340912,7,155.50632757292428
1.1930187197157556,6.33056483439523,8,210.7974666835676
0.6002976753228622,8.828496803144368,8,101.86359115395327
7.205548348649566,7.3555426032556825,10,134.95149569393192
16.642496652748935,4.892796544783156,5,166.2369346903401
2.9835781878883476,8.516906012580506,5,113.47603456943212
0.7534194546402957,6.857606176855293,6,117.34283793619922
1.2715058869157314,7.391360061235007,8,151.20550478180039
0.07424754964306403,7.898376396682817,8,269.72652421964074
9.827554110774228,7.72859961573488,9,205.83076778834734
0.501124175384812,8.351342180566848,8,146.29086615801506
3.4369626754726235,6.977416355316188,4,176.76173974055396
1.2811253144111716,8.1157269578113,7,121.81415903102287
3.231342061627941,7.188543986899299,7,156.10580957783324
4.215554535944108,8.386572577065003,8,131.3785744062585
7.081756769689441,8.238440980815664,7,109.59083481803785
0.9248101100181434,6.377473557546486,6,169.21383094619787
0.04422691852678878,8.80317853941004,6,142.39982510392073
0.5888322827495621,6.8568438658631425,7,121.30070626201615
9.211086115412726,8.469669357937374,8,286.7529926283033
8.28240540821249,7.940744776081608,6,100.92408455352178
3.63937724078597,9.705820412154146,7,117.93755644078708
3.6703348740213877,7.231840821153778,7,102.57892079002542
4.37493691763005,7.080819844658163,3,188.2261534345347
0.7712881145542086,7.476696472934721,6,169.30497635441247
9.832838243085206,7.13618426059887,6,119.12450993801241
2.170438537385272,8.45993028233046,6,163.15867225964305
1.9324431973114737,5.560427269876095,6,124.5035422107258
2.926867730490724,6.235581097024375,6,184.73481609749444
0.19241865716790887,6.2186364941049685,5,130.1150686894062
0.7274468201970893,8.64036911036829,5,125.99710826015146
5.358156361695853,9.55273604709831,7,327.5983178146936
0.3457131026873744,7.374660937755034,6,113.38161693042372
3.6968088759404623,7.297413932171987,6,105.73870320247434
1.1260001344017632,7.584062595735817,4,146.50696686160992
1.9725690277007535,8.89425396312983,6,454.8834437245218
1.362608767816584,6.387176238971311,6,122.9157541432474
1.758193910891414,7.786042779281742,8,102.823675340112
5.078255946554747,8.670237155738915,6,119.74585862709158
1.4102861584222035,8.101313003927814,8,135.87391023024708
3.3425741228228087,7.727497939918492,7,107.9828580312719
2.585439146761047,8.701255311080569,8,159.46074539416648
4.358663692370714,4.256121248400916,5,1416.360230406764
11.047686590051876,8.31345038343709,7,129.86254899049098
5.2756210850201715,6.715109180247092,6,120.98197662149008
0.9679824529761892,5.303240523772252,4,124.93315681077162
0.12671871529703138,8.113443119429977,7,105.46280895451218
1.2166772080223516,9.148390254195549,6,254.43605787223177
3.616242607492389,7.33506178244677,6,126.23515400557339
0.21118111239909873,8.643449456643527,9,123.73513480187273
2.7436238241047555,9.434733909586374,5,159.78385164929375
3.6337153599502408,9.077897344300856,8,128.875497174574
1.6273275117524015,9.46795743524567,6,157.50003155895413
5.894599836586939,8.39055298928627,6,102.79554442878054
0.45087565905871196,7.590520366681911,6,207.64545049294844
0.31244202316898806,5.577641025723398,5,341.06036732523404
5.210589640865571,7.204725014244062,7,157.60369220039357
2.7366809066522744,6.48810408562057,9,383.4838749383884
4.664170622932564,10.105131260997377,5,107.40039390492373
2.2824959965154292,7.2889370250811965,6,132.59919598761186
1.1315850150341265,7.647845768141383,4,149.23552319280176
6.8392947942847835,8.16178245124856,5,146.07874776794077
6.42608625584076,7.552322935646944,4,125.00188734192609
4.745795278836486,9.534061248516903,6,119.64978112018305
1.2706144599521283,6.752820765918658,7,106.07374988542134
3.568643518893857,7.733528946284691,5,124.1294972917462
1.7912399023192882,6.609035297162342,6,108.0242161804116
0.3842029384266129,5.915972986535153,7,177.95542058874238
9.970799374150566,6.765877090913658,4,110.72118882018565
0.5885217952780801,7.455555843541905,4,102.65865394342843
12.00196261249105,6.984837330579288,6,141.83148111973944
2.3624040511634887,6.669094824151373,8,148.17634158399918
